{"camera_film_size": [720, 576], "camera_hpr": [[165.89413452148438, 29.12636947631836, 38.0], [175.89413452148438, 26.12636947631836, 33.0], [174.89413452148438, 31.12636947631836, 33.0], [172.89413452148438, 18.12636947631836, 42.0], [180.89413452148438, 26.12636947631836, 38.0], [180.89413452148438, 26.12636947631836, 43.0], [190.89413452148438, 31.12636947631836, 28.0], [180.89413452148438, 26.12636947631836, 43.0], [175.89413452148438, 16.12636947631836, 48.0]], "camera_pos": [[-201.4609375, -115.58976745605469, -105.96539306640625], [-210.46092224121094, -77.58976745605469, -118.96539306640625], [-199.46092224121094, -90.58976745605469, -138.46539306640625], [-183.96092224121094, -74.58976745605469, -86.96540069580078], [-225.4609375, -67.58976745605469, -93.96539306640625], [-260.4609375, -67.58976745605469, -98.96539306640625], [-210.4609375, -77.58976745605469, -78.96539306640625], [-185.4609375, -87.58976745605469, -78.96539306640625], [-170.4609375, -82.58976745605469, -78.96539306640625]], "camera_focal_length": 773.254150390625, "camera_normal": [[-0.21289800107479095, -0.8472089171409607, 0.4867357313632965], [-0.06428533047437668, -0.895520031452179, 0.44035375118255615], [-0.0761871486902237, -0.8526307940483093, 0.5169297456741333], [-0.11756131052970886, -0.943073034286499, 0.31111520528793335], [0.014007553458213806, -0.8977155685424805, 0.4403529167175293], [0.014007553458213806, -0.8977155685424805, 0.4403529167175293], [0.16178886592388153, -0.840602457523346, 0.516925573348999], [0.014007553458213806, -0.8977155685424805, 0.4403529167175293], [-0.06877894699573517, -0.9581865072250366, 0.2777555584907532]]}