{
  "camera_hpr": [
    [
      -44.8302,
      -36.6841,
      0.663405
    ],
    [
      136.312,
      64.1385,
      -1.12613
    ],
    [
      141.595,
      7.31456,
      7.32838
    ],
    [
      -98.1763,
      -40.8149,
      123.447
    ]
  ],
  "camera_pos": [
    [
      -3.27918,
      -3.29867,
      3.46494
    ],
    [
      1.74752,
      1.82944,
      -5.21916
    ],
    [
      2.83434,
      3.57543,
      -0.58566
    ],
    [
      -3.44603,
      0.495124,
      3.00666
    ]
  ],
  "camera_normal": [
    [
      0.565375,
      0.568736,
      -0.597403
    ],
    [
      -0.301295,
      -0.315419,
      0.899851
    ],
    [
      -0.616161,
      -0.777262,
      0.127317
    ],
    [
      0.749132,
      -0.107635,
      -0.653617
    ]
  ]
}