{
  "camera_film_size": [
    1,
    0.5625
  ],
  "camera_focal_length": 1,
  "camera_normal": [
    [
      -0.3859911561012268,
      -0.5366495251655579,
      -0.7503452897071838
    ],
    [
      -0.632184624671936,
      -0.4240901470184326,
      -0.6484521627426147
    ],
    [
      -0.6273125410079956,
      -0.6324132680892944,
      -0.4544585347175598
    ],
    [
      -0.5079109072685242,
      -0.8406460285186768,
      -0.18799158930778503
    ],
    [
      -0.8031772971153259,
      -0.5859659910202026,
      -0.10747117549180984
    ],
    [
      -0.5099330544471741,
      -0.8247823119163513,
      0.2443411499261856
    ],
    [
      -0.20075981318950653,
      -0.9745705723762512,
      -0.09953787922859192
    ],
    [
      0.04287942498922348,
      -0.7948272824287415,
      -0.6053189635276794
    ],
    [
      -0.9053282737731934,
      -0.0609794445335865,
      -0.42031222581863403
    ],
    [
      -0.9559013843536377,
      -0.2936537563800812,
      -0.0044731199741363525
    ]
  ],
  "camera_hpr": [
    [
      144.274,
      -48.6203,
      17.3133
    ],
    [
      123.855,
      -40.425,
      2.64558
    ],
    [
      135.232,
      -27.0301,
      9.10132
    ],
    [
      148.86,
      -10.8356,
      14.0106
    ],
    [
      126.113,
      -6.16956,
      10.6653
    ],
    [
      148.273,
      14.1429,
      7.98929
    ],
    [
      168.36,
      -5.71256,
      5.42237
    ],
    [
      -176.912,
      -37.2518,
      10.9841
    ],
    [
      93.8534,
      -24.8543,
      -34.7542
    ],
    [
      107.077,
      -0.256291,
      -32.3734
    ]
  ],
  "camera_pos": [
    [
      0.578987,
      0.80498,
      1.12552
    ],
    [
      0.948281,
      0.636139,
      0.972682
    ],
    [
      0.940971,
      0.948627,
      0.681692
    ],
    [
      0.761863,
      1.26098,
      0.281989
    ],
    [
      1.20477,
      0.878959,
      0.161208
    ],
    [
      0.764905,
      1.23718,
      -0.366513
    ],
    [
      0.30115,
      1.46186,
      0.149308
    ],
    [
      -0.0643183,
      1.19225,
      0.907985
    ],
    [
      1.358,
      0.0914687,
      0.630471
    ],
    [
      1.43386,
      0.440482,
      0.0067097
    ]
  ]
}