{
  "camera_hpr": [
    [144.274, -48.6203, 17.3133],
    [123.855, -40.425, 2.64558],
    [135.232, -27.0301, 9.10132],
    [148.86, -10.8356, 14.0106],
    [126.113, -6.16956, 10.6653],
    [148.273, 14.1429, 7.98929],
    [168.36, -5.71256, 5.42237],
    [-176.912, -37.2518, 10.9841],
    [93.8534, -24.8543, -34.7542],
    [107.077, -0.256291, -32.3734]
  ],
  "camera_pos": [
    [0.578987, 0.80498, 1.12552],
    [0.948281, 0.636139, 0.972682],
    [0.940971, 0.948627, 0.681692],
    [0.761863, 1.26098, 0.281989],
    [1.20477, 0.878959, 0.161208],
    [0.764905, 1.23718, -0.366513],
    [0.30115, 1.46186, 0.149308],
    [-0.0643183, 1.19225, 0.907985],
    [1.358, 0.0914687, 0.630471],
    [1.43386, 0.440482, 0.0067097]
  ],
  "camera_normal": [
    [
      0.565375,
      0.568736,
      -0.597403
    ]
  ]
}