{
  "camera_matrix": [
    [
      829.4234008789062,
      0.0,
      353.4095376826681
    ],
    [
      0.0,
      936.290771484375,
      312.52611900726333
    ],
    [
      0.0,
      0.0,
      1.0
    ]
  ],
  "camera_pos": [
    [
      -230.945901,
      -175.52554,
      -127.778633
    ],
    [
      -251.43857431037287,
      -167.74969961219193,
      -116.93222933287466
    ],
    [
      -257.94598388671875,
      -173.5260009765625,
      -117.77900695800781
    ],
    [
      -255.009763023793,
      -169.43416168446745,
      -115.63595173852744
    ],
    [
      -245.80264028579154,
      -183.47299941012267,
      -101.79406240954924
    ],
    [
      -228.51361681156587,
      -181.57184642793788,
      -131.8139366780931
    ]
  ],
  "camera_focal_length": 773.254150390625,
  "camera_film_size": [
    720,
    576
  ],
  "camera_hpr": [
    [
      -10.57314474,
      141.37332143,
      198.11861546
    ],
    [
      -25.312843574150996,
      165.57453601950115,
      205.26927600856413
    ],
    [
      -27.573097229003906,
      136.3730010986328,
      202.11900329589844
    ],
    [
      -33.22852871435319,
      152.63859885944427,
      204.68658233864036
    ],
    [
      -19.3002232955235,
      150.47336228873394,
      203.60950667840993
    ],
    [
      -7.474089312386,
      151.20568609936467,
      204.04890742837472
    ]
  ]
}