{"camera_normal": [[-0.4169473946094513, -0.8737203478813171, 0.25053465366363525]], "camera_film_size": [720, 576], "camera_hpr": [[-10.57314474, 141.37332143, 198.11861546], [-25.5109205, 165.49077349, 205.45631616], [-27.573097229003906, 136.3730010986328, 202.11900329589844], [-33.073097229003906, 152.8730010986328, 204.61900329589844], [-19.573097229003906, 150.3730010986328, 203.61900329589844], [-8.073097229003906, 150.8730010986328, 204.11900329589844]], "camera_pos": [[-230.945901, -175.52554, -127.778633], [-250.60485534, -167.23128252, -116.99812451], [-257.94598388671875, -173.5260009765625, -117.77900695800781], [-254.94598388671875, -169.5260009765625, -115.77900695800781], [-245.94598388671875, -183.5260009765625, -101.77900695800781], [-228.94598388671875, -181.5260009765625, -131.7790069580078]], "camera_focal_length": 773.254150390625}