{
  "camera_hpr": [
    [
      -10.57314474,
      141.37332143,
      198.11861546
    ],
    [
      -24.57309913635254,
      164.8730010986328,
      205.11900329589844
    ],
    [
      -27.573097229003906,
      136.3730010986328,
      202.11900329589844
    ],
    [
      -33.073097229003906,
      152.8730010986328,
      204.61900329589844
    ],
    [
      -19.573097229003906,
      150.3730010986328,
      203.61900329589844
    ],
    [
      -8.073097229003906,
      150.8730010986328,
      204.11900329589844
    ]
  ],
  "camera_normal": [
    [
      -0.42998555302619934,
      -0.8656778931617737,
      0.2563479542732239
    ]
  ],
  "camera_film_size": [
    720,
    576
  ],
  "camera_pos": [
    [
      -230.945901,
      -175.52554,
      -127.778633
    ],
    [
      -250.9459991455078,
      -168.0260009765625,
      -116.77900695800781
    ],
    [
      -257.94598388671875,
      -173.5260009765625,
      -117.77900695800781
    ],
    [
      -254.94598388671875,
      -169.5260009765625,
      -115.77900695800781
    ],
    [
      -245.94598388671875,
      -183.5260009765625,
      -101.77900695800781
    ],
    [
      -228.94598388671875,
      -181.5260009765625,
      -131.7790069580078
    ]
  ],
  "camera_focal_length": 773.254150390625
}