{
  "camera_film_size": [
    720,
    576
  ],
  "camera_focal_length": 773.254150390625,
  "camera_normal": [
  ],
  "camera_hpr": [
    [
      144.274,
      -48.6203,
      17.3133
    ]
  ],
  "camera_pos": [
    [
      0.578987,
      0.80498,
      1.12552
    ]
  ]
}